church_id,church_name,day,time,language,note
0P4SPNjqyJvo0DVvsqVL,Calvary Methodist Church,Sunday,4:00 PM,English,
0P4SPNjqyJvo0DVvsqVL,Calvary Methodist Church,Sunday,"6:00 AM, 9:00 AM, 12:00 PM, and 6:00 PM",Telugu,
1,St. Mary's Basilica,Sunday,06:00 AM,Tamil,
1,St. Mary's Basilica,Sunday,07:00 AM,English,
1,St. Mary's Basilica,Sunday,08:15 AM,Telugu,
1,St. Mary's Basilica,Sunday,09:30 AM,English,
1,St. Mary's Basilica,Sunday,09:15 AM,English,(Children’s Mass)
1,St. Mary's Basilica,Sunday,11:30 AM,English,
1,St. Mary's Basilica,Sunday,05:00 PM,English,
1,St. Mary's Basilica,Sunday,06:00 PM,English,
1,St. Mary's Basilica,Weekday,12:00 PM,English,(Every Friday)
1,St. Mary's Basilica,Saturday,12:00 PM,English,Saturday)
10,St. Alphonsus Catholic Church,Sunday,07:30 AM,Telugu,
10,St. Alphonsus Catholic Church,Sunday,09:00 AM,English,
10,St. Alphonsus Catholic Church,Sunday,06:00 PM,English,
11,St. Thomas Catholic Church,Sunday,08:15 AM,English,
12,Infant Jesus Shrine,Sunday,06:30 AM,Telugu,
12,Infant Jesus Shrine,Sunday,07:30 AM,Telugu,
12,Infant Jesus Shrine,Sunday,10:00 AM,English,
13,Holy Trinity Church,Sunday,07:00 AM,Telugu,
13,Holy Trinity Church,Sunday,08:30 AM,English,
13,Holy Trinity Church,Sunday,06:00 PM,English,
14,Our Lady of Lourdes Church,Sunday,06:45 AM,Telugu,
14,Our Lady of Lourdes Church,Sunday,08:45 AM,English,
14,Our Lady of Lourdes Church,Sunday,06:15 PM,English,
16,Immaculate Conception Church,Sunday,06:30 AM,English,
16,Immaculate Conception Church,Sunday,08:00 AM,Telugu,
16,Immaculate Conception Church,Sunday,08:00 AM,English,(Children’s Mass)
16,Immaculate Conception Church,Sunday,06:00 PM,English,
17,St. Pius X Church(1997) - Nacharam Parish,Sunday,07:00 AM,Telugu,
17,St. Pius X Church(1997) - Nacharam Parish,Sunday,08:45 AM,English,(Children’s  Mass)
17,St. Pius X Church(1997) - Nacharam Parish,Sunday,09:00 AM,English,
17,St. Pius X Church(1997) - Nacharam Parish,Sunday,06:00 PM,English,
1CwneLiybVJOXseFPcIx,Don Bosco Shrine,Sunday,07:00 AM,Telugu,
1CwneLiybVJOXseFPcIx,Don Bosco Shrine,Sunday,09:00 AM,English,
1CwneLiybVJOXseFPcIx,Don Bosco Shrine,Sunday,06:30 PM,English,
1CwneLiybVJOXseFPcIx,Don Bosco Shrine,Sunday,11:00 AM,Telugu,Khanapur  (Sub-station)
1OgXEQONKBOXW1SuV5Nx,Grace Methodist Church,Sunday,09:00 AM,English,
1OgXEQONKBOXW1SuV5Nx,Grace Methodist Church,Sunday,11:00 AM,Telugu,
1xRCwMYKnzApTxkvZ2bd,CSI St. John's Church,Sunday,09:00 AM,English,
1xRCwMYKnzApTxkvZ2bd,CSI St. John's Church,Sunday,11:00 AM,Telugu,
2,St. Joseph's Cathedral,Sunday,06:30 AM,English,
2,St. Joseph's Cathedral,Sunday,08:00 AM,English,
2,St. Joseph's Cathedral,Sunday,09:00 AM,English,(Children’s  Mass)
2,St. Joseph's Cathedral,Sunday,09:15 AM,Telugu,
2,St. Joseph's Cathedral,Sunday,11:30 AM,English,
2,St. Joseph's Cathedral,Sunday,06:00 PM,English,
21,St. Peter’s Catholic Church(1972) - Bodhan Parish,Sunday,07:30 AM,Telugu,
21,St. Peter’s Catholic Church(1972) - Bodhan Parish,Sunday,09:00 AM,English,
21,St. Peter’s Catholic Church(1972) - Bodhan Parish,Sunday,09:45 AM,English,(Children’s  Mass)
21,St. Peter’s Catholic Church(1972) - Bodhan Parish,Sunday,06:00 PM,English,
23,St. Michael's Catholic Church,Sunday,07:30 AM,Telugu,
23,St. Michael's Catholic Church,Sunday,09:15 AM,English,
23,St. Michael's Catholic Church,Sunday,06:00 PM,English,
24,St. Joseph’s Catholic Church (1994) - Bolarum Parish,Sunday,09:00 AM,Telugu,
24,St. Joseph’s Catholic Church (1994) - Bolarum Parish,Sunday,05:00 AM,Telugu,(Bandlaguda Sub-station)
25uLOePJsTzjdEprbdua,Calvary Temple,Sunday,09:00 AM,English,
25uLOePJsTzjdEprbdua,Calvary Temple,Sunday,11:00 AM,Telugu,
26,St. Anthony's Catholic Church,Sunday,06:00 AM,Tamil,
26,St. Anthony's Catholic Church,Sunday,07:30 AM,Telugu,
26,St. Anthony's Catholic Church,Sunday,09:00 AM,English,
26,St. Anthony's Catholic Church,Sunday,06:00 PM,English,
26,St. Anthony's Catholic Church,Weekday,06:30 PM,Tamil,Tuesday’s
28,Our Lady of Perpetual Help(2003) - Jagadgirigutta Parish,Sunday,07:00 AM,Telugu,
28,Our Lady of Perpetual Help(2003) - Jagadgirigutta Parish,Sunday,09:15 AM,Telugu,
28,Our Lady of Perpetual Help(2003) - Jagadgirigutta Parish,Sunday,05:30 PM,English,
29,Our Lady of Perpetual Help Church(1986) - Seethaphalmandi,Sunday,06:30 AM,Telugu,
29,Our Lady of Perpetual Help Church(1986) - Seethaphalmandi,Sunday,08:15 AM,English,Help Church
29,Our Lady of Perpetual Help Church(1986) - Seethaphalmandi,Sunday,09:00 AM,English,(Children’s  Mass)
29,Our Lady of Perpetual Help Church(1986) - Seethaphalmandi,Sunday,06:00 PM,English,
2qmVow0hKbuWmly6AlSd,Centenary Methodist Hindustani Church (CMHC),Sunday,8:00 AM - 9:00 AM,English,
2qmVow0hKbuWmly6AlSd,Centenary Methodist Hindustani Church (CMHC),Sunday,,,
3,Shrine of Our Lady of Health,Saturday,06:00 AM,English,First Saturday
3,Shrine of Our Lady of Health,Saturday,10:00 AM,to  04.00 p.m.  Praise,(On  First  Saturday
3,Shrine of Our Lady of Health,Sunday,07:30 AM,Telugu,
3,Shrine of Our Lady of Health,Sunday,09:15 AM,English,of Vailankanni
30,Sacred Heart Church (1982) - Basuregadi Parish,Sunday,06:30 AM,English,
30,Sacred Heart Church (1982) - Basuregadi Parish,Sunday,08:00 AM,Telugu,
30,Sacred Heart Church (1982) - Basuregadi Parish,Sunday,10:00 AM,English,
30,Sacred Heart Church (1982) - Basuregadi Parish,Sunday,09:45 AM,English,(Children’s  Mass)
30,Sacred Heart Church (1982) - Basuregadi Parish,Sunday,06:00 PM,English,
3oCoOBZ45JDsQ6x81e9z,Our Lady of Vailankanni Shrine(1997) - Shamshabad,Sunday,07:15 AM,Telugu,
3oCoOBZ45JDsQ6x81e9z,Our Lady of Vailankanni Shrine(1997) - Shamshabad,Sunday,09:15 AM,English,
4,St. Anthony's Shrine,Sunday,06:30 AM,English,
4,St. Anthony's Shrine,Sunday,08:15 AM,Tamil,
4,St. Anthony's Shrine,Sunday,09:30 AM,English,Children’s  Mass
4,St. Anthony's Shrine,Sunday,10:00 AM,Telugu,
4,St. Anthony's Shrine,Sunday,11:30 AM,English,
4,St. Anthony's Shrine,Sunday,06:00 PM,English,
4,St. Anthony's Shrine,Sunday,07:00 AM,Telugu,
4,St. Anthony's Shrine,Sunday,10:00 AM,,
4,St. Anthony's Shrine,Sunday,11:30 AM,Telugu,
4,St. Anthony's Shrine,Sunday,06:00 PM,Tamil,
4,St. Anthony's Shrine,Sunday,07:00 PM,,
4,St. Anthony's Shrine,Weekday,06:00 AM,English,Tuesday
4zTWu00vDXDlU6jah0MD,St. Patrick’s Church,Sunday,08:30 AM,English,
4zTWu00vDXDlU6jah0MD,St. Patrick’s Church,Sunday,08:30 AM,,(First Sunday - Mass will  be in Tamil at
5,Holy Family Church,Weekday,06:00 PM,English,Fridays Mass & Adoration
5,Holy Family Church,Weekday,06:00 PM,Tamil,Every Thursday
5,Holy Family Church,Sunday,06:15 AM,Tamil,
5,Holy Family Church,Sunday,07:30 AM,English,
5,Holy Family Church,Sunday,09:00 AM,Telugu,
5,Holy Family Church,Sunday,10:00 AM,English,
5,Holy Family Church,Sunday,11:15 AM,English,
5,Holy Family Church,Sunday,06:00 PM,English,
5,Holy Family Church,Sunday,11:00 AM,Telugu,Second Sunday
5,Holy Family Church,Sunday,08:00 AM,Telugu,First Sunday (Gunrock)
5,Holy Family Church,Saturday,06:00 PM,English,Saturdays Mass & Rosary
5V2OUzRskkK6Equ93QX8,Hyderabad Baptist Church,Sunday,09:00 AM,English,
5V2OUzRskkK6Equ93QX8,Hyderabad Baptist Church,Sunday,11:00 AM,Telugu,
7,St. Francis Xavier Church,Sunday,08:30 AM,English,
7,St. Francis Xavier Church,Sunday,06:00 PM,English,
7,St. Francis Xavier Church,Sunday,07:00 AM,Telugu,Tulasi Gardens
8,St. John the Baptist Church,Sunday,06:15 AM,English,
8,St. John the Baptist Church,Sunday,07:30 AM,Telugu,
8,St. John the Baptist Church,Sunday,09:15 AM,English,
8,St. John the Baptist Church,Sunday,06:00 PM,English,
8cYvU7aXNAeXT7KIFc9S,Hebron Church,Sunday,09:00 AM,English,
8cYvU7aXNAeXT7KIFc9S,Hebron Church,Sunday,11:00 AM,Telugu,
8okK6zeL0ZaDWFf6pdDn,Methodist Church in India,Sunday,09:00 AM,English,
8okK6zeL0ZaDWFf6pdDn,Methodist Church in India,Sunday,11:00 AM,Telugu,
9,Christ the King Church,Sunday,07:30 AM,Telugu,
9,Christ the King Church,Sunday,09:00 AM,English,
9,Christ the King Church,Sunday,05:30 PM,English,
ALCO09FoW9EywyYoCGWi,Karunagiri  Shrine,Sunday,07:00 AM,English,
ALCO09FoW9EywyYoCGWi,Karunagiri  Shrine,Sunday,09:00 AM,Telugu,
ALCO09FoW9EywyYoCGWi,Karunagiri  Shrine,Sunday,09:30 AM,English,(Children’s  Mass)
ALCO09FoW9EywyYoCGWi,Karunagiri  Shrine,Sunday,06:00 PM,Telugu,
AMDD1WZpDRywkKtR1glO,St. Ann’s Church,Sunday,07:00 AM,English,
AMDD1WZpDRywkKtR1glO,St. Ann’s Church,Sunday,08:30 AM,Telugu,
AMDD1WZpDRywkKtR1glO,St. Ann’s Church,Sunday,10:00 AM,English,
AMDD1WZpDRywkKtR1glO,St. Ann’s Church,Sunday,10:00 AM,Hindi,
BR5bbsciEKAGPvs4vNS8,Maria Rani Church,Sunday,08:00 AM,Telugu,
BR5bbsciEKAGPvs4vNS8,Maria Rani Church,Sunday,10:30 AM,Telugu,Substation-Gowrenkota
CRq9qbu4EpnjAaZF1PYS,St. Cecilia’s Church,Sunday,07:00 AM,English,
CRq9qbu4EpnjAaZF1PYS,St. Cecilia’s Church,Sunday,08:30 AM,Telugu,
CRq9qbu4EpnjAaZF1PYS,St. Cecilia’s Church,Sunday,10:15 AM,English,
CRq9qbu4EpnjAaZF1PYS,St. Cecilia’s Church,Sunday,06:00 PM,English,
Dcwaso0LbohF5aoP1mr4,St. Anthony’s Church,Sunday,07:30 AM,Telugu,
Dcwaso0LbohF5aoP1mr4,St. Anthony’s Church,Sunday,09:30 AM,English,
Dcwaso0LbohF5aoP1mr4,St. Anthony’s Church,Sunday,12:30 PM,English,
Dcwaso0LbohF5aoP1mr4,St. Anthony’s Church,Sunday,06:00 PM,English,
Dcwaso0LbohF5aoP1mr4,St. Anthony’s Church,Weekday,06:30 AM,English,Tuesdays
E7nBvhH4QHQLFqSdr0nn,St. Joseph’s Church,Sunday,08:30 AM,Telugu,
FaBRR1LjlApROmxWN3Cu,CSI Holy Trinity Church,Sunday,7:30- 9:00 AM,English,
FaBRR1LjlApROmxWN3Cu,CSI Holy Trinity Church,Sunday,9:30- 11:00 AM,Telugu,
FqqAGB0UhD8XwXMyXrWJ,Trinity Methodist Church,Sunday,09:00 AM,English,
FqqAGB0UhD8XwXMyXrWJ,Trinity Methodist Church,Sunday,11:00 AM,Telugu,
HTM6kLwYQkXIyHHXcXJv,Calvary Baptist Church,Sunday,09:00 AM,English,
HTM6kLwYQkXIyHHXcXJv,Calvary Baptist Church,Sunday,11:00 AM,Telugu,
IALsKNhQ00kJerd1XnnW,Grace Pentecostal Church,Sunday,09:00 AM,English,
IALsKNhQ00kJerd1XnnW,Grace Pentecostal Church,Sunday,11:00 AM,Telugu,
IDgDROGGhrbhYAC60F1a,CSI St. George's Church,Sunday,09:00 AM,English,
IDgDROGGhrbhYAC60F1a,CSI St. George's Church,Sunday,11:00 AM,Telugu,
KLIe6MPoJtRduCSU1Ho9,Auxilium  Church,Sunday,07:00 AM,Telugu,
KLIe6MPoJtRduCSU1Ho9,Auxilium  Church,Sunday,08:30 AM,English,
KLIe6MPoJtRduCSU1Ho9,Auxilium  Church,Sunday,05:30 PM,English,
NWbv29bVjAOMwoY4gS7q,CSI Centenary Wesley Church,Sunday,09:00 AM,English,
NWbv29bVjAOMwoY4gS7q,CSI Centenary Wesley Church,Sunday,11:00 AM,Telugu,
OIUWpJbIU2AYlGT1dAXN,Emmanuel Pentecostal Church,Sunday,09:00 AM,English,
OIUWpJbIU2AYlGT1dAXN,Emmanuel Pentecostal Church,Sunday,11:00 AM,Telugu,
OsGvd5vExrmYEKAm1t2j,CSI St. Thomas Church,Sunday,09:00 AM,English,
OsGvd5vExrmYEKAm1t2j,CSI St. Thomas Church,Sunday,11:00 AM,Telugu,
RkhykIhAdO2WpQCKKhZu,CSI Immanuel Church,Sunday,09:00 AM,English,
RkhykIhAdO2WpQCKKhZu,CSI Immanuel Church,Sunday,11:00 AM,Telugu,
Rnt0kcnegzwrJm756ZjC,St. Mother  Theresa Church,Sunday,08:00 AM,Telugu,
Rnt0kcnegzwrJm756ZjC,St. Mother  Theresa Church,Sunday,09:30 AM,English,
S71RtAjEBjc61WCQtDtp,Zion Baptist Church,Sunday,09:00 AM,English,
S71RtAjEBjc61WCQtDtp,Zion Baptist Church,Sunday,11:00 AM,Telugu,
Sbunasn9o8bCClhz6QzT,Maria Rosa Mystica Church,Sunday,07:00 AM,English,
Sbunasn9o8bCClhz6QzT,Maria Rosa Mystica Church,Sunday,08:30 AM,Telugu,
Sbunasn9o8bCClhz6QzT,Maria Rosa Mystica Church,Sunday,06:00 PM,Telugu,& Holy Mass)
SrGZbcXMWUnQY5oRzFAP,Faith Baptist Church,Sunday,09:00 AM,English,
SrGZbcXMWUnQY5oRzFAP,Faith Baptist Church,Sunday,11:00 AM,Telugu,
TzkRuvj9uqelCXwmlyYf,CSI Garrison Wesley Church,Sunday,09:00 AM,English,
TzkRuvj9uqelCXwmlyYf,CSI Garrison Wesley Church,Sunday,11:00 AM,Telugu,
U0mmwn9b6estzC2CLhcY,Zion Methodist Church,Sunday,09:00 AM,English,
U0mmwn9b6estzC2CLhcY,Zion Methodist Church,Sunday,11:00 AM,Telugu,
WqEXyeMKFWl4t0dtzM4U,Our Lady of Compassion,Sunday,07:30 AM,English,
WqEXyeMKFWl4t0dtzM4U,Our Lady of Compassion,Sunday,09:30 AM,Telugu,
XokIR61A7tydnLzfDTV3,St. Francis Xavier’s Church,Sunday,07:00 AM,Telugu,
XokIR61A7tydnLzfDTV3,St. Francis Xavier’s Church,Sunday,09:00 AM,English,
YWUgwFtO6m6bFHFiEJfX,St. Francis de Sales Church,Sunday,07:00 AM,English,
YWUgwFtO6m6bFHFiEJfX,St. Francis de Sales Church,Sunday,08:45 AM,Telugu,
YWUgwFtO6m6bFHFiEJfX,St. Francis de Sales Church,Sunday,11:00 AM,English,
YWUgwFtO6m6bFHFiEJfX,St. Francis de Sales Church,Sunday,06:00 PM,English,
Z5yGYCXWeJptiCpmu3vD,CSI All Saints Church,Sunday,09:00 AM,English,
Z5yGYCXWeJptiCpmu3vD,CSI All Saints Church,Sunday,11:00 AM,Telugu,
ZFasKhXOyn9R8KoOG0i9,Bethel Pentecostal Church,Sunday,09:00 AM,English,
ZFasKhXOyn9R8KoOG0i9,Bethel Pentecostal Church,Sunday,11:00 AM,Telugu,
Zni6t7mRMsGHHFCQVnOe,Immac. Heart of Mary’s Ch.,Sunday,09:00 AM,Telugu,
Zni6t7mRMsGHHFCQVnOe,Immac. Heart of Mary’s Ch.,Sunday,10:30 AM,English,
Zni6t7mRMsGHHFCQVnOe,Immac. Heart of Mary’s Ch.,Sunday,07:30 AM,Telugu,Venkatadri Township
ZpvtXPe394B9OOxaSDSy,STBC Centenary Baptist Church,Sunday,09:00 AM,English,
ZpvtXPe394B9OOxaSDSy,STBC Centenary Baptist Church,Sunday,11:00 AM,Telugu,
ZtvQJLWh5vQfCuyMDJN9,St. Agnes’ Church,Sunday,07:45 AM,Telugu,
ZtvQJLWh5vQfCuyMDJN9,St. Agnes’ Church,Sunday,10:00 AM,English,(Subash Nagar)
ZtvQJLWh5vQfCuyMDJN9,St. Agnes’ Church,Sunday,06:30 PM,Telugu,
bHGcUtYC14lXgD3SzTSz,Bethel Baptist Church,Sunday,09:00 AM,English,
bHGcUtYC14lXgD3SzTSz,Bethel Baptist Church,Sunday,11:00 AM,Telugu,
bdApO5mRmMD8RGXEPjds,Emmanuel Baptist Church,Sunday,09:00 AM,English,
bdApO5mRmMD8RGXEPjds,Emmanuel Baptist Church,Sunday,11:00 AM,Telugu,
cJXy5OjQy9inJcGrBi9e,Christ Gospel Church,Sunday,09:00 AM,English,
cJXy5OjQy9inJcGrBi9e,Christ Gospel Church,Sunday,11:00 AM,Telugu,
cSGc48cUzVSnU2gqkrPB,Grace Baptist Church,Sunday,09:00 AM,English,
cSGc48cUzVSnU2gqkrPB,Grace Baptist Church,Sunday,11:00 AM,Telugu,
eBlgquYnTwY6anlQaMTx,St. Paul the Hermit  Church,Sunday,09:30 AM,Telugu,Hasthinapur  (Substation) (Sunday)
eBlgquYnTwY6anlQaMTx,St. Paul the Hermit  Church,Saturday,09:30 AM,Telugu,Saturday
eBlgquYnTwY6anlQaMTx,St. Paul the Hermit  Church,Weekday,06:30 AM,Telugu,Everyday (Mon-Sun)
h1XxPVyyh7Fm8y5IgAyM,Our Lady of Fatima Church,Sunday,06:30 AM,English,
h1XxPVyyh7Fm8y5IgAyM,Our Lady of Fatima Church,Sunday,08:00 AM,Telugu,
h1XxPVyyh7Fm8y5IgAyM,Our Lady of Fatima Church,Sunday,09:30 AM,English,
h1XxPVyyh7Fm8y5IgAyM,Our Lady of Fatima Church,Sunday,05:00 PM,English,
hf6TP4SZ5R3EKHnTZQkX,Holy Spirit Church,Sunday,06:30 AM,English,
hf6TP4SZ5R3EKHnTZQkX,Holy Spirit Church,Sunday,08:30 AM,Telugu,
hf6TP4SZ5R3EKHnTZQkX,Holy Spirit Church,Sunday,11:00 AM,Telugu,
hnG2GEVtKs2MliPq6G8b,Our Lady of Sorrows Church,Sunday,07:00 AM,English,
hnG2GEVtKs2MliPq6G8b,Our Lady of Sorrows Church,Sunday,08:30 AM,English,
hnG2GEVtKs2MliPq6G8b,Our Lady of Sorrows Church,Sunday,10:00 AM,English,C.R.P.F
iQE6v2aIL2XhQYh0shUu,Divine Mercy Church,Sunday,07:30 AM,Telugu,
iQE6v2aIL2XhQYh0shUu,Divine Mercy Church,Sunday,09:30 AM,English,
k4B6wa3VWryDHgI0mBrO,New Life Assembly of God,Sunday,09:00 AM,English,
k4B6wa3VWryDHgI0mBrO,New Life Assembly of God,Sunday,11:00 AM,Telugu,
kYnDBeZxGJyisLOgQdyc,Velankanni Matha Church,Sunday,08:00 AM,English,
kYnDBeZxGJyisLOgQdyc,Velankanni Matha Church,Sunday,08:00 AM,Telugu,
kd930DAlWQ1jWY0SUwZi,Our Lady of Perpetual Help,Sunday,07:00 AM,Telugu,
kd930DAlWQ1jWY0SUwZi,Our Lady of Perpetual Help,Sunday,09:00 AM,Telugu,
kd930DAlWQ1jWY0SUwZi,Our Lady of Perpetual Help,Sunday,06:00 PM,English,
lqAKzwijkGLs7dyAXGGY,St. Stanislaus Church,Sunday,07:15 AM,English,
lqAKzwijkGLs7dyAXGGY,St. Stanislaus Church,Sunday,09:15 AM,Telugu,
mYRDtQuSg5AC0H3kuEgX,Wesley Methodist Church,Sunday,09:00 AM,English,
mYRDtQuSg5AC0H3kuEgX,Wesley Methodist Church,Sunday,11:00 AM,Telugu,
nCZDVf9VnU5npdsE2wRE,St. John Maria Vianney,Sunday,06:00 AM,English,
nCZDVf9VnU5npdsE2wRE,St. John Maria Vianney,Sunday,07:30 AM,Telugu,Church
nCZDVf9VnU5npdsE2wRE,St. John Maria Vianney,Sunday,09:00 AM,English,
nCZDVf9VnU5npdsE2wRE,St. John Maria Vianney,Sunday,11:30 AM,English,
nCZDVf9VnU5npdsE2wRE,St. John Maria Vianney,Sunday,06:00 PM,English,
nI8IqnDZ64wLWCwjXrYw,CSI Emmanuel Church,Sunday,09:00 AM,English,
nI8IqnDZ64wLWCwjXrYw,CSI Emmanuel Church,Sunday,11:00 AM,Telugu,
ooyPw8YkIa7U7OFGt7Bs,St. Bernard's Church,Sunday,07:30 AM,Tamil,
ooyPw8YkIa7U7OFGt7Bs,St. Bernard's Church,Sunday,09:15 AM,English,
r06aYr1UElnn1jqG9twR,St. Paul's Methodist Church,Sunday,09:00 AM,English,
r06aYr1UElnn1jqG9twR,St. Paul's Methodist Church,Sunday,11:00 AM,Telugu,
r4wq26T7xL2Rkfnb0LN2,CSI Wesley Church,Sunday,09:00 AM,English,
r4wq26T7xL2Rkfnb0LN2,CSI Wesley Church,Sunday,11:00 AM,Telugu,
sDiEqQ2Izc8oK2T4yUdF,Emmanuel Methodist Church,Sunday,09:00 AM,English,
sDiEqQ2Izc8oK2T4yUdF,Emmanuel Methodist Church,Sunday,11:00 AM,Telugu,
sTlxl2D3w4rv48lm0yNf,Centenary Methodist English Church,Sunday,"7:30 AM, 6:30 PM",English,
sTlxl2D3w4rv48lm0yNf,Centenary Methodist English Church,Sunday,-,Telugu,
uk5I1KGlhTz6CY7SyYWW,Assemblies of God Church,Sunday,09:00 AM,English,
uk5I1KGlhTz6CY7SyYWW,Assemblies of God Church,Sunday,11:00 AM,Telugu,
vsuwtle06Nv8LxOrISmG,Secunderabad Baptist Church,Sunday,09:00 AM,English,
vsuwtle06Nv8LxOrISmG,Secunderabad Baptist Church,Sunday,11:00 AM,Telugu,
wLM3js2yLhdh6vAMqek9,Faith Pentecostal Church,Sunday,09:00 AM,English,
wLM3js2yLhdh6vAMqek9,Faith Pentecostal Church,Sunday,11:00 AM,Telugu,
xCTNYMx73hvJfRelsugn,Centenary Baptist Church,Sunday,09:00 AM,English,
xCTNYMx73hvJfRelsugn,Centenary Baptist Church,Sunday,11:00 AM,Telugu,
xOwfvnz4RzB40N1e0tK5,Zion Pentecostal Church,Sunday,09:00 AM,English,
xOwfvnz4RzB40N1e0tK5,Zion Pentecostal Church,Sunday,11:00 AM,Telugu,
